"Myanmar";"MMR";"AFG"
"Pakistan";"PAK";"AFG"
"Bhutan";"BTN";"AFG"
"China";"CHN";"AFG"
"Bangladesh";"BGD";"AFG"
"Nepal";"NPL";"AFG"
"Myanmar";"MMR";"AGO"
"Pakistan";"PAK";"AGO"
"Bhutan";"BTN";"AGO"
"China";"CHN";"AGO"
"Bangladesh";"BGD";"AGO"
"Nepal";"NPL";"AGO"
"Myanmar";"MMR";"ALB"
"Pakistan";"PAK";"ALB"
"Bhutan";"BTN";"ALB"
"China";"CHN";"ALB"
"Bangladesh";"BGD";"ALB"
"Nepal";"NPL";"ALB"
"Myanmar";"MMR";"AND"
"Pakistan";"PAK";"AND"
"Bhutan";"BTN";"AND"
"China";"CHN";"AND"
"Bangladesh";"BGD";"AND"
"Nepal";"NPL";"AND"
"Myanmar";"MMR";"ARE"
"Pakistan";"PAK";"ARE"
"Bhutan";"BTN";"ARE"
"China";"CHN";"ARE"
"Bangladesh";"BGD";"ARE"
"Nepal";"NPL";"ARE"
"Myanmar";"MMR";"ARG"
"Pakistan";"PAK";"ARG"
"Bhutan";"BTN";"ARG"
"China";"CHN";"ARG"
"Bangladesh";"BGD";"ARG"
"Nepal";"NPL";"ARG"
"Myanmar";"MMR";"ARM"
"Pakistan";"PAK";"ARM"
"Bhutan";"BTN";"ARM"
"China";"CHN";"ARM"
"Bangladesh";"BGD";"ARM"
"Nepal";"NPL";"ARM"
"Myanmar";"MMR";"ATG"
"Pakistan";"PAK";"ATG"
"Bhutan";"BTN";"ATG"
"China";"CHN";"ATG"
"Bangladesh";"BGD";"ATG"
"Nepal";"NPL";"ATG"
"Myanmar";"MMR";"AUS"
"Pakistan";"PAK";"AUS"
"Bhutan";"BTN";"AUS"
"China";"CHN";"AUS"
"Bangladesh";"BGD";"AUS"
"Nepal";"NPL";"AUS"
"Myanmar";"MMR";"AUT"
"Pakistan";"PAK";"AUT"
"Bhutan";"BTN";"AUT"
"China";"CHN";"AUT"
"Bangladesh";"BGD";"AUT"
"Nepal";"NPL";"AUT"
"Myanmar";"MMR";"AZE"
"Pakistan";"PAK";"AZE"
"Bhutan";"BTN";"AZE"
"China";"CHN";"AZE"
"Bangladesh";"BGD";"AZE"
"Nepal";"NPL";"AZE"
"Myanmar";"MMR";"BDI"
"Pakistan";"PAK";"BDI"
"Bhutan";"BTN";"BDI"
"China";"CHN";"BDI"
"Bangladesh";"BGD";"BDI"
"Nepal";"NPL";"BDI"
"Myanmar";"MMR";"BEL"
"Pakistan";"PAK";"BEL"
"Bhutan";"BTN";"BEL"
"China";"CHN";"BEL"
"Bangladesh";"BGD";"BEL"
"Nepal";"NPL";"BEL"
"Myanmar";"MMR";"BEN"
"Pakistan";"PAK";"BEN"
"Bhutan";"BTN";"BEN"
"China";"CHN";"BEN"
"Bangladesh";"BGD";"BEN"
"Nepal";"NPL";"BEN"
"Myanmar";"MMR";"BFA"
"Pakistan";"PAK";"BFA"
"Bhutan";"BTN";"BFA"
"China";"CHN";"BFA"
"Bangladesh";"BGD";"BFA"
"Nepal";"NPL";"BFA"
"Myanmar";"MMR";"BGD"
"Pakistan";"PAK";"BGD"
"Bhutan";"BTN";"BGD"
"China";"CHN";"BGD"
"Bangladesh";"BGD";"BGD"
"Nepal";"NPL";"BGD"
"Myanmar";"MMR";"BGR"
"Pakistan";"PAK";"BGR"
"Bhutan";"BTN";"BGR"
"China";"CHN";"BGR"
"Bangladesh";"BGD";"BGR"
"Nepal";"NPL";"BGR"
"Myanmar";"MMR";"BHR"
"Pakistan";"PAK";"BHR"
"Bhutan";"BTN";"BHR"
"China";"CHN";"BHR"
"Bangladesh";"BGD";"BHR"
"Nepal";"NPL";"BHR"
"Myanmar";"MMR";"BHS"
"Pakistan";"PAK";"BHS"
"Bhutan";"BTN";"BHS"
"China";"CHN";"BHS"
"Bangladesh";"BGD";"BHS"
"Nepal";"NPL";"BHS"
"Myanmar";"MMR";"BIH"
"Pakistan";"PAK";"BIH"
"Bhutan";"BTN";"BIH"
"China";"CHN";"BIH"
"Bangladesh";"BGD";"BIH"
"Nepal";"NPL";"BIH"
"Myanmar";"MMR";"BLR"
"Pakistan";"PAK";"BLR"
"Bhutan";"BTN";"BLR"
"China";"CHN";"BLR"
"Bangladesh";"BGD";"BLR"
"Nepal";"NPL";"BLR"
"Myanmar";"MMR";"BLZ"
"Pakistan";"PAK";"BLZ"
"Bhutan";"BTN";"BLZ"
"China";"CHN";"BLZ"
"Bangladesh";"BGD";"BLZ"
"Nepal";"NPL";"BLZ"
"Myanmar";"MMR";"BOL"
"Pakistan";"PAK";"BOL"
"Bhutan";"BTN";"BOL"
"China";"CHN";"BOL"
"Bangladesh";"BGD";"BOL"
"Nepal";"NPL";"BOL"
"Myanmar";"MMR";"BRA"
"Pakistan";"PAK";"BRA"
"Bhutan";"BTN";"BRA"
"China";"CHN";"BRA"
"Bangladesh";"BGD";"BRA"
"Nepal";"NPL";"BRA"
"Myanmar";"MMR";"BRB"
"Pakistan";"PAK";"BRB"
"Bhutan";"BTN";"BRB"
"China";"CHN";"BRB"
"Bangladesh";"BGD";"BRB"
"Nepal";"NPL";"BRB"
"Myanmar";"MMR";"BRN"
"Pakistan";"PAK";"BRN"
"Bhutan";"BTN";"BRN"
"China";"CHN";"BRN"
"Bangladesh";"BGD";"BRN"
"Nepal";"NPL";"BRN"
"Myanmar";"MMR";"BTN"
"Pakistan";"PAK";"BTN"
"Bhutan";"BTN";"BTN"
"China";"CHN";"BTN"
"Bangladesh";"BGD";"BTN"
"Nepal";"NPL";"BTN"
"Myanmar";"MMR";"BWA"
"Pakistan";"PAK";"BWA"
"Bhutan";"BTN";"BWA"
"China";"CHN";"BWA"
"Bangladesh";"BGD";"BWA"
"Nepal";"NPL";"BWA"
"Myanmar";"MMR";"CAF"
"Pakistan";"PAK";"CAF"
"Bhutan";"BTN";"CAF"
"China";"CHN";"CAF"
"Bangladesh";"BGD";"CAF"
"Nepal";"NPL";"CAF"
"Myanmar";"MMR";"CHE"
"Pakistan";"PAK";"CHE"
"Bhutan";"BTN";"CHE"
"China";"CHN";"CHE"
"Bangladesh";"BGD";"CHE"
"Nepal";"NPL";"CHE"
"Myanmar";"MMR";"CHL"
"Pakistan";"PAK";"CHL"
"Bhutan";"BTN";"CHL"
"China";"CHN";"CHL"
"Bangladesh";"BGD";"CHL"
"Nepal";"NPL";"CHL"
"Myanmar";"MMR";"CHN"
"Pakistan";"PAK";"CHN"
"Bhutan";"BTN";"CHN"
"China";"CHN";"CHN"
"Bangladesh";"BGD";"CHN"
"Nepal";"NPL";"CHN"
"Myanmar";"MMR";"CIV"
"Pakistan";"PAK";"CIV"
"Bhutan";"BTN";"CIV"
"China";"CHN";"CIV"
"Bangladesh";"BGD";"CIV"
"Nepal";"NPL";"CIV"
"Myanmar";"MMR";"CMR"
"Pakistan";"PAK";"CMR"
"Bhutan";"BTN";"CMR"
"China";"CHN";"CMR"
"Bangladesh";"BGD";"CMR"
"Nepal";"NPL";"CMR"
"Myanmar";"MMR";"COD"
"Pakistan";"PAK";"COD"
"Bhutan";"BTN";"COD"
"China";"CHN";"COD"
"Bangladesh";"BGD";"COD"
"Nepal";"NPL";"COD"
"Myanmar";"MMR";"COG"
"Pakistan";"PAK";"COG"
"Bhutan";"BTN";"COG"
"China";"CHN";"COG"
"Bangladesh";"BGD";"COG"
"Nepal";"NPL";"COG"
"Myanmar";"MMR";"COK"
"Pakistan";"PAK";"COK"
"Bhutan";"BTN";"COK"
"China";"CHN";"COK"
"Bangladesh";"BGD";"COK"
"Nepal";"NPL";"COK"
"Myanmar";"MMR";"COL"
"Pakistan";"PAK";"COL"
"Bhutan";"BTN";"COL"
"China";"CHN";"COL"
"Bangladesh";"BGD";"COL"
"Nepal";"NPL";"COL"
"Myanmar";"MMR";"COM"
"Pakistan";"PAK";"COM"
"Bhutan";"BTN";"COM"
"China";"CHN";"COM"
"Bangladesh";"BGD";"COM"
"Nepal";"NPL";"COM"
"Myanmar";"MMR";"CPV"
"Pakistan";"PAK";"CPV"
"Bhutan";"BTN";"CPV"
"China";"CHN";"CPV"
"Bangladesh";"BGD";"CPV"
"Nepal";"NPL";"CPV"
"Myanmar";"MMR";"CRI"
"Pakistan";"PAK";"CRI"
"Bhutan";"BTN";"CRI"
"China";"CHN";"CRI"
"Bangladesh";"BGD";"CRI"
"Nepal";"NPL";"CRI"
"Myanmar";"MMR";"CUB"
"Pakistan";"PAK";"CUB"
"Bhutan";"BTN";"CUB"
"China";"CHN";"CUB"
"Bangladesh";"BGD";"CUB"
"Nepal";"NPL";"CUB"
"Myanmar";"MMR";"CYP"
"Pakistan";"PAK";"CYP"
"Bhutan";"BTN";"CYP"
"China";"CHN";"CYP"
"Bangladesh";"BGD";"CYP"
"Nepal";"NPL";"CYP"
"Myanmar";"MMR";"CZE"
"Pakistan";"PAK";"CZE"
"Bhutan";"BTN";"CZE"
"China";"CHN";"CZE"
"Bangladesh";"BGD";"CZE"
"Nepal";"NPL";"CZE"
"Myanmar";"MMR";"DEU"
"Pakistan";"PAK";"DEU"
"Bhutan";"BTN";"DEU"
"China";"CHN";"DEU"
"Bangladesh";"BGD";"DEU"
"Nepal";"NPL";"DEU"
"Myanmar";"MMR";"DJI"
"Pakistan";"PAK";"DJI"
"Bhutan";"BTN";"DJI"
"China";"CHN";"DJI"
"Bangladesh";"BGD";"DJI"
"Nepal";"NPL";"DJI"
"Myanmar";"MMR";"DMA"
"Pakistan";"PAK";"DMA"
"Bhutan";"BTN";"DMA"
"China";"CHN";"DMA"
"Bangladesh";"BGD";"DMA"
"Nepal";"NPL";"DMA"
"Myanmar";"MMR";"DNK"
"Pakistan";"PAK";"DNK"
"Bhutan";"BTN";"DNK"
"China";"CHN";"DNK"
"Bangladesh";"BGD";"DNK"
"Nepal";"NPL";"DNK"
"Myanmar";"MMR";"DOM"
"Pakistan";"PAK";"DOM"
"Bhutan";"BTN";"DOM"
"China";"CHN";"DOM"
"Bangladesh";"BGD";"DOM"
"Nepal";"NPL";"DOM"
"Myanmar";"MMR";"DZA"
"Pakistan";"PAK";"DZA"
"Bhutan";"BTN";"DZA"
"China";"CHN";"DZA"
"Bangladesh";"BGD";"DZA"
"Nepal";"NPL";"DZA"
"Myanmar";"MMR";"ECU"
"Pakistan";"PAK";"ECU"
"Bhutan";"BTN";"ECU"
"China";"CHN";"ECU"
"Bangladesh";"BGD";"ECU"
"Nepal";"NPL";"ECU"
"Myanmar";"MMR";"EGY"
"Pakistan";"PAK";"EGY"
"Bhutan";"BTN";"EGY"
"China";"CHN";"EGY"
"Bangladesh";"BGD";"EGY"
"Nepal";"NPL";"EGY"
"Myanmar";"MMR";"ERI"
"Pakistan";"PAK";"ERI"
"Bhutan";"BTN";"ERI"
"China";"CHN";"ERI"
"Bangladesh";"BGD";"ERI"
"Nepal";"NPL";"ERI"
"Myanmar";"MMR";"ESP"
"Pakistan";"PAK";"ESP"
"Bhutan";"BTN";"ESP"
"China";"CHN";"ESP"
"Bangladesh";"BGD";"ESP"
"Nepal";"NPL";"ESP"
"Myanmar";"MMR";"EST"
"Pakistan";"PAK";"EST"
"Bhutan";"BTN";"EST"
"China";"CHN";"EST"
"Bangladesh";"BGD";"EST"
"Nepal";"NPL";"EST"
"Myanmar";"MMR";"ETH"
"Pakistan";"PAK";"ETH"
"Bhutan";"BTN";"ETH"
"China";"CHN";"ETH"
"Bangladesh";"BGD";"ETH"
"Nepal";"NPL";"ETH"
"Myanmar";"MMR";"FIN"
"Pakistan";"PAK";"FIN"
"Bhutan";"BTN";"FIN"
"China";"CHN";"FIN"
"Bangladesh";"BGD";"FIN"
"Nepal";"NPL";"FIN"
"Myanmar";"MMR";"FJI"
"Pakistan";"PAK";"FJI"
"Bhutan";"BTN";"FJI"
"China";"CHN";"FJI"
"Bangladesh";"BGD";"FJI"
"Nepal";"NPL";"FJI"
"Myanmar";"MMR";"FRA"
"Pakistan";"PAK";"FRA"
"Bhutan";"BTN";"FRA"
"China";"CHN";"FRA"
"Bangladesh";"BGD";"FRA"
"Nepal";"NPL";"FRA"
"Myanmar";"MMR";"FRO"
"Pakistan";"PAK";"FRO"
"Bhutan";"BTN";"FRO"
"China";"CHN";"FRO"
"Bangladesh";"BGD";"FRO"
"Nepal";"NPL";"FRO"
"Myanmar";"MMR";"FSM"
"Pakistan";"PAK";"FSM"
"Bhutan";"BTN";"FSM"
"China";"CHN";"FSM"
"Bangladesh";"BGD";"FSM"
"Nepal";"NPL";"FSM"
"Myanmar";"MMR";"GAB"
"Pakistan";"PAK";"GAB"
"Bhutan";"BTN";"GAB"
"China";"CHN";"GAB"
"Bangladesh";"BGD";"GAB"
"Nepal";"NPL";"GAB"
"Myanmar";"MMR";"GBR"
"Pakistan";"PAK";"GBR"
"Bhutan";"BTN";"GBR"
"China";"CHN";"GBR"
"Bangladesh";"BGD";"GBR"
"Nepal";"NPL";"GBR"
"Myanmar";"MMR";"GEO"
"Pakistan";"PAK";"GEO"
"Bhutan";"BTN";"GEO"
"China";"CHN";"GEO"
"Bangladesh";"BGD";"GEO"
"Nepal";"NPL";"GEO"
"Myanmar";"MMR";"GHA"
"Pakistan";"PAK";"GHA"
"Bhutan";"BTN";"GHA"
"China";"CHN";"GHA"
"Bangladesh";"BGD";"GHA"
"Nepal";"NPL";"GHA"
"Myanmar";"MMR";"GIN"
"Pakistan";"PAK";"GIN"
"Bhutan";"BTN";"GIN"
"China";"CHN";"GIN"
"Bangladesh";"BGD";"GIN"
"Nepal";"NPL";"GIN"
"Myanmar";"MMR";"GMB"
"Pakistan";"PAK";"GMB"
"Bhutan";"BTN";"GMB"
"China";"CHN";"GMB"
"Bangladesh";"BGD";"GMB"
"Nepal";"NPL";"GMB"
"Myanmar";"MMR";"GNB"
"Pakistan";"PAK";"GNB"
"Bhutan";"BTN";"GNB"
"China";"CHN";"GNB"
"Bangladesh";"BGD";"GNB"
"Nepal";"NPL";"GNB"
"Myanmar";"MMR";"GNQ"
"Pakistan";"PAK";"GNQ"
"Bhutan";"BTN";"GNQ"
"China";"CHN";"GNQ"
"Bangladesh";"BGD";"GNQ"
"Nepal";"NPL";"GNQ"
"Myanmar";"MMR";"GRC"
"Pakistan";"PAK";"GRC"
"Bhutan";"BTN";"GRC"
"China";"CHN";"GRC"
"Bangladesh";"BGD";"GRC"
"Nepal";"NPL";"GRC"
"Myanmar";"MMR";"GRD"
"Pakistan";"PAK";"GRD"
"Bhutan";"BTN";"GRD"
"China";"CHN";"GRD"
"Bangladesh";"BGD";"GRD"
"Nepal";"NPL";"GRD"
"Myanmar";"MMR";"GTM"
"Pakistan";"PAK";"GTM"
"Bhutan";"BTN";"GTM"
"China";"CHN";"GTM"
"Bangladesh";"BGD";"GTM"
"Nepal";"NPL";"GTM"
"Myanmar";"MMR";"GUY"
"Pakistan";"PAK";"GUY"
"Bhutan";"BTN";"GUY"
"China";"CHN";"GUY"
"Bangladesh";"BGD";"GUY"
"Nepal";"NPL";"GUY"
"Myanmar";"MMR";"HND"
"Pakistan";"PAK";"HND"
"Bhutan";"BTN";"HND"
"China";"CHN";"HND"
"Bangladesh";"BGD";"HND"
"Nepal";"NPL";"HND"
"Myanmar";"MMR";"HRV"
"Pakistan";"PAK";"HRV"
"Bhutan";"BTN";"HRV"
"China";"CHN";"HRV"
"Bangladesh";"BGD";"HRV"
"Nepal";"NPL";"HRV"
"Myanmar";"MMR";"HTI"
"Pakistan";"PAK";"HTI"
"Bhutan";"BTN";"HTI"
"China";"CHN";"HTI"
"Bangladesh";"BGD";"HTI"
"Nepal";"NPL";"HTI"
"Myanmar";"MMR";"HUN"
"Pakistan";"PAK";"HUN"
"Bhutan";"BTN";"HUN"
"China";"CHN";"HUN"
"Bangladesh";"BGD";"HUN"
"Nepal";"NPL";"HUN"
"Myanmar";"MMR";"IDN"
"Pakistan";"PAK";"IDN"
"Bhutan";"BTN";"IDN"
"China";"CHN";"IDN"
"Bangladesh";"BGD";"IDN"
"Nepal";"NPL";"IDN"
"Myanmar";"MMR";"IND"
"Pakistan";"PAK";"IND"
"Bhutan";"BTN";"IND"
"China";"CHN";"IND"
"Bangladesh";"BGD";"IND"
"Nepal";"NPL";"IND"
"Myanmar";"MMR";"IRL"
"Pakistan";"PAK";"IRL"
"Bhutan";"BTN";"IRL"
"China";"CHN";"IRL"
"Bangladesh";"BGD";"IRL"
"Nepal";"NPL";"IRL"
"Myanmar";"MMR";"IRN"
"Pakistan";"PAK";"IRN"
"Bhutan";"BTN";"IRN"
"China";"CHN";"IRN"
"Bangladesh";"BGD";"IRN"
"Nepal";"NPL";"IRN"
"Myanmar";"MMR";"IRQ"
"Pakistan";"PAK";"IRQ"
"Bhutan";"BTN";"IRQ"
"China";"CHN";"IRQ"
"Bangladesh";"BGD";"IRQ"
"Nepal";"NPL";"IRQ"
"Myanmar";"MMR";"ISL"
"Pakistan";"PAK";"ISL"
"Bhutan";"BTN";"ISL"
"China";"CHN";"ISL"
"Bangladesh";"BGD";"ISL"
"Nepal";"NPL";"ISL"
"Myanmar";"MMR";"ISR"
"Pakistan";"PAK";"ISR"
"Bhutan";"BTN";"ISR"
"China";"CHN";"ISR"
"Bangladesh";"BGD";"ISR"
"Nepal";"NPL";"ISR"
"Myanmar";"MMR";"ITA"
"Pakistan";"PAK";"ITA"
"Bhutan";"BTN";"ITA"
"China";"CHN";"ITA"
"Bangladesh";"BGD";"ITA"
"Nepal";"NPL";"ITA"
"Myanmar";"MMR";"JAM"
"Pakistan";"PAK";"JAM"
"Bhutan";"BTN";"JAM"
"China";"CHN";"JAM"
"Bangladesh";"BGD";"JAM"
"Nepal";"NPL";"JAM"
"Myanmar";"MMR";"JOR"
"Pakistan";"PAK";"JOR"
"Bhutan";"BTN";"JOR"
"China";"CHN";"JOR"
"Bangladesh";"BGD";"JOR"
"Nepal";"NPL";"JOR"
"Myanmar";"MMR";"JPN"
"Pakistan";"PAK";"JPN"
"Bhutan";"BTN";"JPN"
"China";"CHN";"JPN"
"Bangladesh";"BGD";"JPN"
"Nepal";"NPL";"JPN"
"Myanmar";"MMR";"KAZ"
"Pakistan";"PAK";"KAZ"
"Bhutan";"BTN";"KAZ"
"China";"CHN";"KAZ"
"Bangladesh";"BGD";"KAZ"
"Nepal";"NPL";"KAZ"
"Myanmar";"MMR";"KEN"
"Pakistan";"PAK";"KEN"
"Bhutan";"BTN";"KEN"
"China";"CHN";"KEN"
"Bangladesh";"BGD";"KEN"
"Nepal";"NPL";"KEN"
"Myanmar";"MMR";"KGZ"
"Pakistan";"PAK";"KGZ"
"Bhutan";"BTN";"KGZ"
"China";"CHN";"KGZ"
"Bangladesh";"BGD";"KGZ"
"Nepal";"NPL";"KGZ"
"Myanmar";"MMR";"KHM"
"Pakistan";"PAK";"KHM"
"Bhutan";"BTN";"KHM"
"China";"CHN";"KHM"
"Bangladesh";"BGD";"KHM"
"Nepal";"NPL";"KHM"
"Myanmar";"MMR";"KIR"
"Pakistan";"PAK";"KIR"
"Bhutan";"BTN";"KIR"
"China";"CHN";"KIR"
"Bangladesh";"BGD";"KIR"
"Nepal";"NPL";"KIR"
"Myanmar";"MMR";"KNA"
"Pakistan";"PAK";"KNA"
"Bhutan";"BTN";"KNA"
"China";"CHN";"KNA"
"Bangladesh";"BGD";"KNA"
"Nepal";"NPL";"KNA"
"Myanmar";"MMR";"KOR"
"Pakistan";"PAK";"KOR"
"Bhutan";"BTN";"KOR"
"China";"CHN";"KOR"
"Bangladesh";"BGD";"KOR"
"Nepal";"NPL";"KOR"
"Myanmar";"MMR";"KWT"
"Pakistan";"PAK";"KWT"
"Bhutan";"BTN";"KWT"
"China";"CHN";"KWT"
"Bangladesh";"BGD";"KWT"
"Nepal";"NPL";"KWT"
"Myanmar";"MMR";"LAO"
"Pakistan";"PAK";"LAO"
"Bhutan";"BTN";"LAO"
"China";"CHN";"LAO"
"Bangladesh";"BGD";"LAO"
"Nepal";"NPL";"LAO"
"Myanmar";"MMR";"LBN"
"Pakistan";"PAK";"LBN"
"Bhutan";"BTN";"LBN"
"China";"CHN";"LBN"
"Bangladesh";"BGD";"LBN"
"Nepal";"NPL";"LBN"
"Myanmar";"MMR";"LBR"
"Pakistan";"PAK";"LBR"
"Bhutan";"BTN";"LBR"
"China";"CHN";"LBR"
"Bangladesh";"BGD";"LBR"
"Nepal";"NPL";"LBR"
"Myanmar";"MMR";"LBY"
"Pakistan";"PAK";"LBY"
"Bhutan";"BTN";"LBY"
"China";"CHN";"LBY"
"Bangladesh";"BGD";"LBY"
"Nepal";"NPL";"LBY"
"Myanmar";"MMR";"LCA"
"Pakistan";"PAK";"LCA"
"Bhutan";"BTN";"LCA"
"China";"CHN";"LCA"
"Bangladesh";"BGD";"LCA"
"Nepal";"NPL";"LCA"
"Myanmar";"MMR";"LIE"
"Pakistan";"PAK";"LIE"
"Bhutan";"BTN";"LIE"
"China";"CHN";"LIE"
"Bangladesh";"BGD";"LIE"
"Nepal";"NPL";"LIE"
"Myanmar";"MMR";"LKA"
"Pakistan";"PAK";"LKA"
"Bhutan";"BTN";"LKA"
"China";"CHN";"LKA"
"Bangladesh";"BGD";"LKA"
"Nepal";"NPL";"LKA"
"Myanmar";"MMR";"LSO"
"Pakistan";"PAK";"LSO"
"Bhutan";"BTN";"LSO"
"China";"CHN";"LSO"
"Bangladesh";"BGD";"LSO"
"Nepal";"NPL";"LSO"
"Myanmar";"MMR";"LTU"
"Pakistan";"PAK";"LTU"
"Bhutan";"BTN";"LTU"
"China";"CHN";"LTU"
"Bangladesh";"BGD";"LTU"
"Nepal";"NPL";"LTU"
"Myanmar";"MMR";"LUX"
"Pakistan";"PAK";"LUX"
"Bhutan";"BTN";"LUX"
"China";"CHN";"LUX"
"Bangladesh";"BGD";"LUX"
"Nepal";"NPL";"LUX"
"Myanmar";"MMR";"LVA"
"Pakistan";"PAK";"LVA"
"Bhutan";"BTN";"LVA"
"China";"CHN";"LVA"
"Bangladesh";"BGD";"LVA"
"Nepal";"NPL";"LVA"
"Myanmar";"MMR";"MAR"
"Pakistan";"PAK";"MAR"
"Bhutan";"BTN";"MAR"
"China";"CHN";"MAR"
"Bangladesh";"BGD";"MAR"
"Nepal";"NPL";"MAR"
"Myanmar";"MMR";"MCO"
"Pakistan";"PAK";"MCO"
"Bhutan";"BTN";"MCO"
"China";"CHN";"MCO"
"Bangladesh";"BGD";"MCO"
"Nepal";"NPL";"MCO"
"Myanmar";"MMR";"MDA"
"Pakistan";"PAK";"MDA"
"Bhutan";"BTN";"MDA"
"China";"CHN";"MDA"
"Bangladesh";"BGD";"MDA"
"Nepal";"NPL";"MDA"
"Myanmar";"MMR";"MDG"
"Pakistan";"PAK";"MDG"
"Bhutan";"BTN";"MDG"
"China";"CHN";"MDG"
"Bangladesh";"BGD";"MDG"
"Nepal";"NPL";"MDG"
"Myanmar";"MMR";"MDV"
"Pakistan";"PAK";"MDV"
"Bhutan";"BTN";"MDV"
"China";"CHN";"MDV"
"Bangladesh";"BGD";"MDV"
"Nepal";"NPL";"MDV"
"Myanmar";"MMR";"MEX"
"Pakistan";"PAK";"MEX"
"Bhutan";"BTN";"MEX"
"China";"CHN";"MEX"
"Bangladesh";"BGD";"MEX"
"Nepal";"NPL";"MEX"
"Myanmar";"MMR";"MHL"
"Pakistan";"PAK";"MHL"
"Bhutan";"BTN";"MHL"
"China";"CHN";"MHL"
"Bangladesh";"BGD";"MHL"
"Nepal";"NPL";"MHL"
"Myanmar";"MMR";"MKD"
"Pakistan";"PAK";"MKD"
"Bhutan";"BTN";"MKD"
"China";"CHN";"MKD"
"Bangladesh";"BGD";"MKD"
"Nepal";"NPL";"MKD"
"Myanmar";"MMR";"MLI"
"Pakistan";"PAK";"MLI"
"Bhutan";"BTN";"MLI"
"China";"CHN";"MLI"
"Bangladesh";"BGD";"MLI"
"Nepal";"NPL";"MLI"
"Myanmar";"MMR";"MLT"
"Pakistan";"PAK";"MLT"
"Bhutan";"BTN";"MLT"
"China";"CHN";"MLT"
"Bangladesh";"BGD";"MLT"
"Nepal";"NPL";"MLT"
"Myanmar";"MMR";"MMR"
"Pakistan";"PAK";"MMR"
"Bhutan";"BTN";"MMR"
"China";"CHN";"MMR"
"Bangladesh";"BGD";"MMR"
"Nepal";"NPL";"MMR"
"Myanmar";"MMR";"MNE"
"Pakistan";"PAK";"MNE"
"Bhutan";"BTN";"MNE"
"China";"CHN";"MNE"
"Bangladesh";"BGD";"MNE"
"Nepal";"NPL";"MNE"
"Myanmar";"MMR";"MNG"
"Pakistan";"PAK";"MNG"
"Bhutan";"BTN";"MNG"
"China";"CHN";"MNG"
"Bangladesh";"BGD";"MNG"
"Nepal";"NPL";"MNG"
"Myanmar";"MMR";"MOZ"
"Pakistan";"PAK";"MOZ"
"Bhutan";"BTN";"MOZ"
"China";"CHN";"MOZ"
"Bangladesh";"BGD";"MOZ"
"Nepal";"NPL";"MOZ"
"Myanmar";"MMR";"MRT"
"Pakistan";"PAK";"MRT"
"Bhutan";"BTN";"MRT"
"China";"CHN";"MRT"
"Bangladesh";"BGD";"MRT"
"Nepal";"NPL";"MRT"
"Myanmar";"MMR";"MUS"
"Pakistan";"PAK";"MUS"
"Bhutan";"BTN";"MUS"
"China";"CHN";"MUS"
"Bangladesh";"BGD";"MUS"
"Nepal";"NPL";"MUS"
"Myanmar";"MMR";"MWI"
"Pakistan";"PAK";"MWI"
"Bhutan";"BTN";"MWI"
"China";"CHN";"MWI"
"Bangladesh";"BGD";"MWI"
"Nepal";"NPL";"MWI"
"Myanmar";"MMR";"MYS"
"Pakistan";"PAK";"MYS"
"Bhutan";"BTN";"MYS"
"China";"CHN";"MYS"
"Bangladesh";"BGD";"MYS"
"Nepal";"NPL";"MYS"
"Myanmar";"MMR";"NAM"
"Pakistan";"PAK";"NAM"
"Bhutan";"BTN";"NAM"
"China";"CHN";"NAM"
"Bangladesh";"BGD";"NAM"
"Nepal";"NPL";"NAM"
"Myanmar";"MMR";"NER"
"Pakistan";"PAK";"NER"
"Bhutan";"BTN";"NER"
"China";"CHN";"NER"
"Bangladesh";"BGD";"NER"
"Nepal";"NPL";"NER"
"Myanmar";"MMR";"NGA"
"Pakistan";"PAK";"NGA"
"Bhutan";"BTN";"NGA"
"China";"CHN";"NGA"
"Bangladesh";"BGD";"NGA"
"Nepal";"NPL";"NGA"
"Myanmar";"MMR";"NIC"
"Pakistan";"PAK";"NIC"
"Bhutan";"BTN";"NIC"
"China";"CHN";"NIC"
"Bangladesh";"BGD";"NIC"
"Nepal";"NPL";"NIC"
"Myanmar";"MMR";"NIU"
"Pakistan";"PAK";"NIU"
"Bhutan";"BTN";"NIU"
"China";"CHN";"NIU"
"Bangladesh";"BGD";"NIU"
"Nepal";"NPL";"NIU"
"Myanmar";"MMR";"NLD"
"Pakistan";"PAK";"NLD"
"Bhutan";"BTN";"NLD"
"China";"CHN";"NLD"
"Bangladesh";"BGD";"NLD"
"Nepal";"NPL";"NLD"
"Myanmar";"MMR";"NOR"
"Pakistan";"PAK";"NOR"
"Bhutan";"BTN";"NOR"
"China";"CHN";"NOR"
"Bangladesh";"BGD";"NOR"
"Nepal";"NPL";"NOR"
"Myanmar";"MMR";"NPL"
"Pakistan";"PAK";"NPL"
"Bhutan";"BTN";"NPL"
"China";"CHN";"NPL"
"Bangladesh";"BGD";"NPL"
"Nepal";"NPL";"NPL"
"Myanmar";"MMR";"NRU"
"Pakistan";"PAK";"NRU"
"Bhutan";"BTN";"NRU"
"China";"CHN";"NRU"
"Bangladesh";"BGD";"NRU"
"Nepal";"NPL";"NRU"
"Myanmar";"MMR";"NZL"
"Pakistan";"PAK";"NZL"
"Bhutan";"BTN";"NZL"
"China";"CHN";"NZL"
"Bangladesh";"BGD";"NZL"
"Nepal";"NPL";"NZL"
"Myanmar";"MMR";"OMN"
"Pakistan";"PAK";"OMN"
"Bhutan";"BTN";"OMN"
"China";"CHN";"OMN"
"Bangladesh";"BGD";"OMN"
"Nepal";"NPL";"OMN"
"Myanmar";"MMR";"PAK"
"Pakistan";"PAK";"PAK"
"Bhutan";"BTN";"PAK"
"China";"CHN";"PAK"
"Bangladesh";"BGD";"PAK"
"Nepal";"NPL";"PAK"
"Myanmar";"MMR";"PAN"
"Pakistan";"PAK";"PAN"
"Bhutan";"BTN";"PAN"
"China";"CHN";"PAN"
"Bangladesh";"BGD";"PAN"
"Nepal";"NPL";"PAN"
"Myanmar";"MMR";"PER"
"Pakistan";"PAK";"PER"
"Bhutan";"BTN";"PER"
"China";"CHN";"PER"
"Bangladesh";"BGD";"PER"
"Nepal";"NPL";"PER"
"Myanmar";"MMR";"PHL"
"Pakistan";"PAK";"PHL"
"Bhutan";"BTN";"PHL"
"China";"CHN";"PHL"
"Bangladesh";"BGD";"PHL"
"Nepal";"NPL";"PHL"
"Myanmar";"MMR";"PLW"
"Pakistan";"PAK";"PLW"
"Bhutan";"BTN";"PLW"
"China";"CHN";"PLW"
"Bangladesh";"BGD";"PLW"
"Nepal";"NPL";"PLW"
"Myanmar";"MMR";"PNG"
"Pakistan";"PAK";"PNG"
"Bhutan";"BTN";"PNG"
"China";"CHN";"PNG"
"Bangladesh";"BGD";"PNG"
"Nepal";"NPL";"PNG"
"Myanmar";"MMR";"POL"
"Pakistan";"PAK";"POL"
"Bhutan";"BTN";"POL"
"China";"CHN";"POL"
"Bangladesh";"BGD";"POL"
"Nepal";"NPL";"POL"
"Myanmar";"MMR";"PRK"
"Pakistan";"PAK";"PRK"
"Bhutan";"BTN";"PRK"
"China";"CHN";"PRK"
"Bangladesh";"BGD";"PRK"
"Nepal";"NPL";"PRK"
"Myanmar";"MMR";"PRT"
"Pakistan";"PAK";"PRT"
"Bhutan";"BTN";"PRT"
"China";"CHN";"PRT"
"Bangladesh";"BGD";"PRT"
"Nepal";"NPL";"PRT"
"Myanmar";"MMR";"PRY"
"Pakistan";"PAK";"PRY"
"Bhutan";"BTN";"PRY"
"China";"CHN";"PRY"
"Bangladesh";"BGD";"PRY"
"Nepal";"NPL";"PRY"
"Myanmar";"MMR";"QAT"
"Pakistan";"PAK";"QAT"
"Bhutan";"BTN";"QAT"
"China";"CHN";"QAT"
"Bangladesh";"BGD";"QAT"
"Nepal";"NPL";"QAT"
"Myanmar";"MMR";"ROU"
"Pakistan";"PAK";"ROU"
"Bhutan";"BTN";"ROU"
"China";"CHN";"ROU"
"Bangladesh";"BGD";"ROU"
"Nepal";"NPL";"ROU"
"Myanmar";"MMR";"RUS"
"Pakistan";"PAK";"RUS"
"Bhutan";"BTN";"RUS"
"China";"CHN";"RUS"
"Bangladesh";"BGD";"RUS"
"Nepal";"NPL";"RUS"
"Myanmar";"MMR";"RWA"
"Pakistan";"PAK";"RWA"
"Bhutan";"BTN";"RWA"
"China";"CHN";"RWA"
"Bangladesh";"BGD";"RWA"
"Nepal";"NPL";"RWA"
"Myanmar";"MMR";"SAU"
"Pakistan";"PAK";"SAU"
"Bhutan";"BTN";"SAU"
"China";"CHN";"SAU"
"Bangladesh";"BGD";"SAU"
"Nepal";"NPL";"SAU"
"Myanmar";"MMR";"SDN"
"Pakistan";"PAK";"SDN"
"Bhutan";"BTN";"SDN"
"China";"CHN";"SDN"
"Bangladesh";"BGD";"SDN"
"Nepal";"NPL";"SDN"
"Myanmar";"MMR";"SEN"
"Pakistan";"PAK";"SEN"
"Bhutan";"BTN";"SEN"
"China";"CHN";"SEN"
"Bangladesh";"BGD";"SEN"
"Nepal";"NPL";"SEN"
"Myanmar";"MMR";"SGP"
"Pakistan";"PAK";"SGP"
"Bhutan";"BTN";"SGP"
"China";"CHN";"SGP"
"Bangladesh";"BGD";"SGP"
"Nepal";"NPL";"SGP"
"Myanmar";"MMR";"SLB"
"Pakistan";"PAK";"SLB"
"Bhutan";"BTN";"SLB"
"China";"CHN";"SLB"
"Bangladesh";"BGD";"SLB"
"Nepal";"NPL";"SLB"
"Myanmar";"MMR";"SLE"
"Pakistan";"PAK";"SLE"
"Bhutan";"BTN";"SLE"
"China";"CHN";"SLE"
"Bangladesh";"BGD";"SLE"
"Nepal";"NPL";"SLE"
"Myanmar";"MMR";"SLV"
"Pakistan";"PAK";"SLV"
"Bhutan";"BTN";"SLV"
"China";"CHN";"SLV"
"Bangladesh";"BGD";"SLV"
"Nepal";"NPL";"SLV"
"Myanmar";"MMR";"SMR"
"Pakistan";"PAK";"SMR"
"Bhutan";"BTN";"SMR"
"China";"CHN";"SMR"
"Bangladesh";"BGD";"SMR"
"Nepal";"NPL";"SMR"
"Myanmar";"MMR";"SOM"
"Pakistan";"PAK";"SOM"
"Bhutan";"BTN";"SOM"
"China";"CHN";"SOM"
"Bangladesh";"BGD";"SOM"
"Nepal";"NPL";"SOM"
"Myanmar";"MMR";"SRB"
"Pakistan";"PAK";"SRB"
"Bhutan";"BTN";"SRB"
"China";"CHN";"SRB"
"Bangladesh";"BGD";"SRB"
"Nepal";"NPL";"SRB"
"Myanmar";"MMR";"SSD"
"Pakistan";"PAK";"SSD"
"Bhutan";"BTN";"SSD"
"China";"CHN";"SSD"
"Bangladesh";"BGD";"SSD"
"Nepal";"NPL";"SSD"
"Myanmar";"MMR";"STP"
"Pakistan";"PAK";"STP"
"Bhutan";"BTN";"STP"
"China";"CHN";"STP"
"Bangladesh";"BGD";"STP"
"Nepal";"NPL";"STP"
"Myanmar";"MMR";"SUR"
"Pakistan";"PAK";"SUR"
"Bhutan";"BTN";"SUR"
"China";"CHN";"SUR"
"Bangladesh";"BGD";"SUR"
"Nepal";"NPL";"SUR"
"Myanmar";"MMR";"SVK"
"Pakistan";"PAK";"SVK"
"Bhutan";"BTN";"SVK"
"China";"CHN";"SVK"
"Bangladesh";"BGD";"SVK"
"Nepal";"NPL";"SVK"
"Myanmar";"MMR";"SVN"
"Pakistan";"PAK";"SVN"
"Bhutan";"BTN";"SVN"
"China";"CHN";"SVN"
"Bangladesh";"BGD";"SVN"
"Nepal";"NPL";"SVN"
"Myanmar";"MMR";"SWE"
"Pakistan";"PAK";"SWE"
"Bhutan";"BTN";"SWE"
"China";"CHN";"SWE"
"Bangladesh";"BGD";"SWE"
"Nepal";"NPL";"SWE"
"Myanmar";"MMR";"SWZ"
"Pakistan";"PAK";"SWZ"
"Bhutan";"BTN";"SWZ"
"China";"CHN";"SWZ"
"Bangladesh";"BGD";"SWZ"
"Nepal";"NPL";"SWZ"
"Myanmar";"MMR";"SYC"
"Pakistan";"PAK";"SYC"
"Bhutan";"BTN";"SYC"
"China";"CHN";"SYC"
"Bangladesh";"BGD";"SYC"
"Nepal";"NPL";"SYC"
"Myanmar";"MMR";"SYR"
"Pakistan";"PAK";"SYR"
"Bhutan";"BTN";"SYR"
"China";"CHN";"SYR"
"Bangladesh";"BGD";"SYR"
"Nepal";"NPL";"SYR"
"Myanmar";"MMR";"TCD"
"Pakistan";"PAK";"TCD"
"Bhutan";"BTN";"TCD"
"China";"CHN";"TCD"
"Bangladesh";"BGD";"TCD"
"Nepal";"NPL";"TCD"
"Myanmar";"MMR";"TGO"
"Pakistan";"PAK";"TGO"
"Bhutan";"BTN";"TGO"
"China";"CHN";"TGO"
"Bangladesh";"BGD";"TGO"
"Nepal";"NPL";"TGO"
"Myanmar";"MMR";"THA"
"Pakistan";"PAK";"THA"
"Bhutan";"BTN";"THA"
"China";"CHN";"THA"
"Bangladesh";"BGD";"THA"
"Nepal";"NPL";"THA"
"Myanmar";"MMR";"TJK"
"Pakistan";"PAK";"TJK"
"Bhutan";"BTN";"TJK"
"China";"CHN";"TJK"
"Bangladesh";"BGD";"TJK"
"Nepal";"NPL";"TJK"
"Myanmar";"MMR";"TKL"
"Pakistan";"PAK";"TKL"
"Bhutan";"BTN";"TKL"
"China";"CHN";"TKL"
"Bangladesh";"BGD";"TKL"
"Nepal";"NPL";"TKL"
"Myanmar";"MMR";"TKM"
"Pakistan";"PAK";"TKM"
"Bhutan";"BTN";"TKM"
"China";"CHN";"TKM"
"Bangladesh";"BGD";"TKM"
"Nepal";"NPL";"TKM"
"Myanmar";"MMR";"TLS"
"Pakistan";"PAK";"TLS"
"Bhutan";"BTN";"TLS"
"China";"CHN";"TLS"
"Bangladesh";"BGD";"TLS"
"Nepal";"NPL";"TLS"
"Myanmar";"MMR";"TON"
"Pakistan";"PAK";"TON"
"Bhutan";"BTN";"TON"
"China";"CHN";"TON"
"Bangladesh";"BGD";"TON"
"Nepal";"NPL";"TON"
"Myanmar";"MMR";"TTO"
"Pakistan";"PAK";"TTO"
"Bhutan";"BTN";"TTO"
"China";"CHN";"TTO"
"Bangladesh";"BGD";"TTO"
"Nepal";"NPL";"TTO"
"Myanmar";"MMR";"TUN"
"Pakistan";"PAK";"TUN"
"Bhutan";"BTN";"TUN"
"China";"CHN";"TUN"
"Bangladesh";"BGD";"TUN"
"Nepal";"NPL";"TUN"
"Myanmar";"MMR";"TUR"
"Pakistan";"PAK";"TUR"
"Bhutan";"BTN";"TUR"
"China";"CHN";"TUR"
"Bangladesh";"BGD";"TUR"
"Nepal";"NPL";"TUR"
"Myanmar";"MMR";"TUV"
"Pakistan";"PAK";"TUV"
"Bhutan";"BTN";"TUV"
"China";"CHN";"TUV"
"Bangladesh";"BGD";"TUV"
"Nepal";"NPL";"TUV"
"Myanmar";"MMR";"TZA"
"Pakistan";"PAK";"TZA"
"Bhutan";"BTN";"TZA"
"China";"CHN";"TZA"
"Bangladesh";"BGD";"TZA"
"Nepal";"NPL";"TZA"
"Myanmar";"MMR";"UGA"
"Pakistan";"PAK";"UGA"
"Bhutan";"BTN";"UGA"
"China";"CHN";"UGA"
"Bangladesh";"BGD";"UGA"
"Nepal";"NPL";"UGA"
"Myanmar";"MMR";"UKR"
"Pakistan";"PAK";"UKR"
"Bhutan";"BTN";"UKR"
"China";"CHN";"UKR"
"Bangladesh";"BGD";"UKR"
"Nepal";"NPL";"UKR"
"Myanmar";"MMR";"URY"
"Pakistan";"PAK";"URY"
"Bhutan";"BTN";"URY"
"China";"CHN";"URY"
"Bangladesh";"BGD";"URY"
"Nepal";"NPL";"URY"
"Myanmar";"MMR";"USA"
"Pakistan";"PAK";"USA"
"Bhutan";"BTN";"USA"
"China";"CHN";"USA"
"Bangladesh";"BGD";"USA"
"Nepal";"NPL";"USA"
"Myanmar";"MMR";"UZB"
"Pakistan";"PAK";"UZB"
"Bhutan";"BTN";"UZB"
"China";"CHN";"UZB"
"Bangladesh";"BGD";"UZB"
"Nepal";"NPL";"UZB"
"Myanmar";"MMR";"VAT"
"Pakistan";"PAK";"VAT"
"Bhutan";"BTN";"VAT"
"China";"CHN";"VAT"
"Bangladesh";"BGD";"VAT"
"Nepal";"NPL";"VAT"
"Myanmar";"MMR";"VCT"
"Pakistan";"PAK";"VCT"
"Bhutan";"BTN";"VCT"
"China";"CHN";"VCT"
"Bangladesh";"BGD";"VCT"
"Nepal";"NPL";"VCT"
"Myanmar";"MMR";"VEN"
"Pakistan";"PAK";"VEN"
"Bhutan";"BTN";"VEN"
"China";"CHN";"VEN"
"Bangladesh";"BGD";"VEN"
"Nepal";"NPL";"VEN"
"Myanmar";"MMR";"VNM"
"Pakistan";"PAK";"VNM"
"Bhutan";"BTN";"VNM"
"China";"CHN";"VNM"
"Bangladesh";"BGD";"VNM"
"Nepal";"NPL";"VNM"
"Myanmar";"MMR";"VUT"
"Pakistan";"PAK";"VUT"
"Bhutan";"BTN";"VUT"
"China";"CHN";"VUT"
"Bangladesh";"BGD";"VUT"
"Nepal";"NPL";"VUT"
"Myanmar";"MMR";"WSM"
"Pakistan";"PAK";"WSM"
"Bhutan";"BTN";"WSM"
"China";"CHN";"WSM"
"Bangladesh";"BGD";"WSM"
"Nepal";"NPL";"WSM"
"Myanmar";"MMR";"YEM"
"Pakistan";"PAK";"YEM"
"Bhutan";"BTN";"YEM"
"China";"CHN";"YEM"
"Bangladesh";"BGD";"YEM"
"Nepal";"NPL";"YEM"
"Myanmar";"MMR";"ZAF"
"Pakistan";"PAK";"ZAF"
"Bhutan";"BTN";"ZAF"
"China";"CHN";"ZAF"
"Bangladesh";"BGD";"ZAF"
"Nepal";"NPL";"ZAF"
"Myanmar";"MMR";"ZMB"
"Pakistan";"PAK";"ZMB"
"Bhutan";"BTN";"ZMB"
"China";"CHN";"ZMB"
"Bangladesh";"BGD";"ZMB"
"Nepal";"NPL";"ZMB"
"Myanmar";"MMR";"ZWE"
"Pakistan";"PAK";"ZWE"
"Bhutan";"BTN";"ZWE"
"China";"CHN";"ZWE"
"Bangladesh";"BGD";"ZWE"
"Nepal";"NPL";"ZWE"
